{"cameraMode":{"drawMode":0,"name":"Shaded","section":"Shading Mode"},"sceneLighting":false,"audioPlay":false,"sceneViewState":{"showFog":true,"showMaterialUpdate":false,"showSkybox":true,"showFlares":true,"showImageEffects":true,"showParticleSystems":true},"in2DMode":false,"pivot":{"x":7.267999649047852,"y":0.8759999871253967,"z":-6.429999828338623},"rotation":{"x":-0.09098611772060394,"y":-0.7205649018287659,"z":0.09633087366819382,"w":-0.6806086897850037},"size":16.066009521484376,"orthographic":true}