{"cameraMode":{"drawMode":0,"name":"Shaded","section":"Shading Mode"},"sceneLighting":false,"audioPlay":false,"sceneViewState":{"showFog":true,"showMaterialUpdate":false,"showSkybox":true,"showFlares":true,"showImageEffects":true,"showParticleSystems":true},"in2DMode":false,"pivot":{"x":14.779804229736329,"y":2.7509965896606447,"z":-1.6542625427246094},"rotation":{"x":0.023393770679831506,"y":0.013495896011590958,"z":0.0003158097097184509,"w":-0.9996352195739746},"size":97.89282989501953,"orthographic":true}